id,XGB probability,Logistic regression
87369,0.03523337468504906,0.20440168753146587
87383,0.10665621608495712,0.32635870419217283
121006,0.051313962787389755,0.24549745701820763
